{"GA - 1/solution_fitness": 383.15380859375, "_timestamp": 1693843940.4750535, "_runtime": 5266.554508447647, "_step": 1229, "Metrics/precision": 1.0, "Metrics/recall": 0.7, "Metrics/F1": 0.8235294117647058, "Metrics/MCC": NaN, "Metrics/num": 30, "GA - 2/solution_fitness": 737.370849609375, "GA - 3/solution_fitness": 1114.303955078125, "GA - 4/solution_fitness": 1430.17822265625, "GA - 5/solution_fitness": 1699.2523193359375, "GA - 6/solution_fitness": 1959.7928466796875, "GA - 7/solution_fitness": 2176.33935546875, "GA - 8/solution_fitness": 2415.896484375, "GA - 9/solution_fitness": 2684.891357421875, "GA - 10/solution_fitness": 2865.84814453125, "GA - 11/solution_fitness": 2994.82958984375, "GA - 12/solution_fitness": 3287.490966796875, "GA - 13/solution_fitness": 3386.089111328125, "GA - 14/solution_fitness": 3468.849853515625, "GA - 15/solution_fitness": 3543.901123046875, "GA - 16/solution_fitness": 3800.1689453125, "GA - 17/solution_fitness": 3912.7646484375, "GA - 18/solution_fitness": 4001.212890625, "GA - 19/solution_fitness": 4185.76220703125, "GA - 20/solution_fitness": 4342.310546875, "GA - 21/solution_fitness": 4455.64599609375, "GA - 22/solution_fitness": 4590.0087890625, "GA - 23/solution_fitness": 4529.6611328125, "GA - 24/solution_fitness": 4710.83935546875, "GA - 25/solution_fitness": 4728.69482421875, "GA - 26/solution_fitness": 5044.3291015625, "GA - 27/solution_fitness": 5096.57861328125, "GA - 28/solution_fitness": 5249.99658203125, "GA - 29/solution_fitness": 5387.37744140625, "GA - 30/solution_fitness": 5411.47607421875, "_wandb": {"runtime": 5266}}