{"GA - 1/solution_fitness": 18.67299461364746, "_timestamp": 1687989932.7035916, "_runtime": 236.33437967300415, "_step": 39, "_wandb": {"runtime": 447}}