{"GA - 1/solution_fitness": -5.4778289794921875, "_timestamp": 1694623902.4823205, "_runtime": 90.70064663887024, "_step": 141, "Metrics/precision": 0.15789473684210525, "Metrics/recall": 1.0, "Metrics/F1": 0.2727272727272727, "Metrics/MCC": 0.25362863675089403, "Metrics/num": 3, "GA - 2/solution_fitness": -5.904612064361572, "GA - 3/solution_fitness": -5.129878520965576, "GA - 4/solution_fitness": -6.4494547843933105, "_wandb": {"runtime": 89}}