{"GA - 1/solution_fitness": -0.002627406967803836, "_timestamp": 1692823701.8784518, "_runtime": 1394.1396749019623, "_step": 1229, "Metrics/precision": 1.0, "Metrics/recall": 0.8, "Metrics/F1": 0.888888888888889, "Metrics/MCC": NaN, "Metrics/num": 30, "GA - 2/solution_fitness": -0.0013389830710366368, "GA - 3/solution_fitness": -0.000933028815779835, "GA - 4/solution_fitness": -0.0007532328017987311, "GA - 5/solution_fitness": -0.0006162128411233425, "GA - 6/solution_fitness": -0.0005382488016039133, "GA - 7/solution_fitness": -0.00047704557073302567, "GA - 8/solution_fitness": -0.00043281461694277823, "GA - 9/solution_fitness": -0.00038991824840195477, "GA - 10/solution_fitness": -0.00037512814742513, "GA - 11/solution_fitness": -0.0003456610720604658, "GA - 12/solution_fitness": -0.00031778260017745197, "GA - 13/solution_fitness": -0.000318176083965227, "GA - 14/solution_fitness": -0.00030270867864601314, "GA - 15/solution_fitness": -0.000289554096525535, "GA - 16/solution_fitness": -0.00027608074015006423, "GA - 17/solution_fitness": -0.0002585771435406059, "GA - 18/solution_fitness": -0.0002555098326411098, "GA - 19/solution_fitness": -0.0002448679006192833, "GA - 20/solution_fitness": -0.00023278192384168506, "GA - 21/solution_fitness": -0.00023330870317295194, "GA - 22/solution_fitness": -0.0002250637480756268, "GA - 23/solution_fitness": -0.00022597024508286268, "GA - 24/solution_fitness": -0.00021589885000139475, "GA - 25/solution_fitness": -0.00021000101696699858, "GA - 26/solution_fitness": -0.00020348408725112677, "GA - 27/solution_fitness": -0.000201761067728512, "GA - 28/solution_fitness": -0.00019806633645202965, "GA - 29/solution_fitness": -0.00018654389714356512, "GA - 30/solution_fitness": -0.0001864782825578004, "_wandb": {"runtime": 1635}}