{"GA - 1/solution_fitness": 343.57470703125, "_timestamp": 1693850840.2244616, "_runtime": 45.24499464035034, "_step": 7, "_wandb": {"runtime": 46}}