{"GA - 1/solution_fitness": -0.46510207653045654, "_timestamp": 1694623247.7108989, "_runtime": 540.9017429351807, "_step": 806, "Metrics/precision": 0.7916666666666666, "Metrics/recall": 1.0, "Metrics/F1": 0.8837209302325582, "Metrics/MCC": 0.6571287406727709, "Metrics/num": 19, "GA - 2/solution_fitness": -0.5257755517959595, "GA - 3/solution_fitness": -0.4205206632614136, "GA - 4/solution_fitness": -0.5570620894432068, "GA - 5/solution_fitness": -0.6254466772079468, "GA - 6/solution_fitness": -0.5770361423492432, "GA - 7/solution_fitness": -0.6180422306060791, "GA - 8/solution_fitness": -0.49852806329727173, "GA - 9/solution_fitness": -0.7201405167579651, "GA - 10/solution_fitness": -0.6467876434326172, "GA - 11/solution_fitness": -0.6284984350204468, "GA - 12/solution_fitness": -0.5756832361221313, "GA - 13/solution_fitness": -0.7277596592903137, "GA - 14/solution_fitness": -0.6418207883834839, "GA - 15/solution_fitness": -0.6879791021347046, "GA - 16/solution_fitness": -0.7923576235771179, "GA - 17/solution_fitness": -0.8160852193832397, "GA - 18/solution_fitness": -0.8452982306480408, "GA - 19/solution_fitness": -0.7003130912780762, "GA - 20/solution_fitness": -0.7845088839530945, "_wandb": {"runtime": 542}}