{"GA - 0/solution_fitness": 1.4666340351104736, "_timestamp": 1687395706.7077174, "_runtime": 121.32082843780518, "_step": 19, "_wandb": {"runtime": 125}}