{"GA - 1/solution_fitness": 351.5977818317198, "_timestamp": 1687547850.5323868, "_runtime": 3874.915185689926, "_step": 629, "Metrics/precision": 1.0, "Metrics/recall": 0.43333333333333335, "Metrics/F1": 0.6046511627906976, "Metrics/MCC": NaN, "GA - 2/solution_fitness": 624.1138246185565, "GA - 3/solution_fitness": 877.2139725442657, "GA - 4/solution_fitness": 1031.7092365800154, "GA - 5/solution_fitness": 1231.792718389174, "GA - 6/solution_fitness": 1407.4106498770384, "GA - 7/solution_fitness": 1580.150144485531, "GA - 8/solution_fitness": 1755.0522436780184, "GA - 9/solution_fitness": 1799.0471397583367, "GA - 10/solution_fitness": 1965.8278818259494, "GA - 11/solution_fitness": 2079.961394210757, "GA - 12/solution_fitness": 2123.7608787815716, "GA - 13/solution_fitness": 2189.2602301633915, "GA - 14/solution_fitness": 2245.02857382457, "GA - 15/solution_fitness": 2334.1381642081546, "GA - 16/solution_fitness": 2562.394101075799, "GA - 17/solution_fitness": 2529.9995727174137, "GA - 18/solution_fitness": 2574.460488591812, "GA - 19/solution_fitness": 2568.895382337524, "GA - 20/solution_fitness": 2707.947722243814, "GA - 21/solution_fitness": 2683.5505123848034, "GA - 22/solution_fitness": 2689.2983683225143, "GA - 23/solution_fitness": 2853.7179629507727, "GA - 24/solution_fitness": 2899.384947343766, "GA - 25/solution_fitness": 2998.3653035014618, "GA - 26/solution_fitness": 3170.642907108042, "GA - 27/solution_fitness": 3062.708045109692, "GA - 28/solution_fitness": 3089.083967908888, "GA - 29/solution_fitness": 3097.3251698186964, "GA - 30/solution_fitness": 3143.6266699250677, "_wandb": {"runtime": 7473}}