{"GA - 1/solution_fitness": -0.0025953887961804867, "_timestamp": 1692827393.1744678, "_runtime": 3440.144754886627, "_step": 3029, "Metrics/precision": 1.0, "Metrics/recall": 0.8, "Metrics/F1": 0.888888888888889, "Metrics/MCC": NaN, "Metrics/num": 30, "GA - 2/solution_fitness": -0.0013206806033849716, "GA - 3/solution_fitness": -0.0009183023939840496, "GA - 4/solution_fitness": -0.000737824069801718, "GA - 5/solution_fitness": -0.000602780026383698, "GA - 6/solution_fitness": -0.000533217447809875, "GA - 7/solution_fitness": -0.00048544706078246236, "GA - 8/solution_fitness": -0.0004319493309594691, "GA - 9/solution_fitness": -0.00038749072700738907, "GA - 10/solution_fitness": -0.0003695750201586634, "GA - 11/solution_fitness": -0.0003445053589530289, "GA - 12/solution_fitness": -0.0003145011723972857, "GA - 13/solution_fitness": -0.0003048917278647423, "GA - 14/solution_fitness": -0.00029789924155920744, "GA - 15/solution_fitness": -0.0002900342224165797, "GA - 16/solution_fitness": -0.0002745906822383404, "GA - 17/solution_fitness": -0.0002623685577418655, "GA - 18/solution_fitness": -0.0002513111394364387, "GA - 19/solution_fitness": -0.00024090077204164118, "GA - 20/solution_fitness": -0.0002331211289856583, "GA - 21/solution_fitness": -0.0002292332792421803, "GA - 22/solution_fitness": -0.00022412616817746311, "GA - 23/solution_fitness": -0.0002232429978903383, "GA - 24/solution_fitness": -0.00021517595450859517, "GA - 25/solution_fitness": -0.00021074713731650263, "GA - 26/solution_fitness": -0.0002018107770709321, "GA - 27/solution_fitness": -0.00019911637355107814, "GA - 28/solution_fitness": -0.00019845753558911383, "GA - 29/solution_fitness": -0.00018663804803509265, "GA - 30/solution_fitness": -0.00018654389714356512, "_wandb": {"runtime": 3440}}