{"solution_fitness": -0.3690214455127716, "_timestamp": 1687305728.2171187, "_runtime": 151.95282983779907, "_step": 19, "_wandb": {"runtime": 123}}