{"GA - 1/solution_fitness": -0.003385638352483511, "_timestamp": 1694188191.059554, "_runtime": 32.9508490562439, "_step": 5, "_wandb": {"runtime": 169}}