{"GA - 1/solution_fitness": 2.482241153717041, "_timestamp": 1692206825.3951938, "_runtime": 2264.6199638843536, "_step": 1228, "Metrics/precision": 0.25, "Metrics/recall": 1.0, "Metrics/F1": 0.4, "Metrics/MCC": 0.4734320764739993, "Metrics/num": 29, "GA - 2/solution_fitness": 1.6482597589492798, "GA - 3/solution_fitness": 2.021512746810913, "GA - 4/solution_fitness": 1.4598064422607422, "GA - 5/solution_fitness": 1.467850685119629, "GA - 6/solution_fitness": 2.0538418292999268, "GA - 7/solution_fitness": 1.2285970449447632, "GA - 8/solution_fitness": 1.4353595972061157, "GA - 9/solution_fitness": 1.2648288011550903, "GA - 10/solution_fitness": 1.2679033279418945, "GA - 11/solution_fitness": 1.1541732549667358, "GA - 12/solution_fitness": 1.5524500608444214, "GA - 13/solution_fitness": 1.2831224203109741, "GA - 14/solution_fitness": 1.3176060914993286, "GA - 15/solution_fitness": 1.290309190750122, "GA - 16/solution_fitness": 1.1822551488876343, "GA - 17/solution_fitness": 0.8189845085144043, "GA - 18/solution_fitness": 0.003956733737140894, "GA - 19/solution_fitness": 0.003948159050196409, "GA - 20/solution_fitness": 0.991036593914032, "GA - 21/solution_fitness": 0.0036200613249093294, "GA - 22/solution_fitness": 0.0035595607478171587, "GA - 23/solution_fitness": 0.003107339609414339, "GA - 24/solution_fitness": 0.0015843292931094766, "GA - 25/solution_fitness": 0.001750705181621015, "GA - 26/solution_fitness": 0.001705032424069941, "GA - 27/solution_fitness": 0.0028383657336235046, "GA - 28/solution_fitness": 0.0015596619341522455, "GA - 29/solution_fitness": 0.0011100620031356812, "GA - 30/solution_fitness": 0.0012876720866188407}