{"solution_fitness": -0.3744185268878937, "_timestamp": 1687305502.2531605, "_runtime": 152.38686156272888, "_step": 19, "_wandb": {"runtime": 126}}