{"GA - 1/solution_fitness": -0.002701433142647147, "_timestamp": 1692821948.7937033, "_runtime": 24.77487325668335, "_step": 2, "_wandb": {"runtime": 33}}