{"GA - 1/solution_fitness": 19.777313232421875, "_timestamp": 1689702203.3785293, "_runtime": 231.85882139205933, "_step": 39, "_wandb": {"runtime": 235}}