{"GA - 1/solution_fitness": 20.710498809814453, "_timestamp": 1688053537.5571914, "_runtime": 231.87974548339844, "_step": 39, "_wandb": {"runtime": 1148252}}