{"GA - 1/solution_fitness": 442.429443359375, "_timestamp": 1692124454.3780096, "_runtime": 47.424487590789795, "_step": 4, "_wandb": {"runtime": 52}}