{"GA - 1/solution_fitness": 380.618171081543, "_timestamp": 1687455407.8582585, "_runtime": 6427.970578432083, "_step": 629, "Metrics/precision": 1.0, "Metrics/recall": 0.5666666666666667, "Metrics/F1": 0.7234042553191489, "Metrics/MCC": NaN, "GA - 2/solution_fitness": 689.7538313802083, "GA - 3/solution_fitness": 1003.184501953125, "GA - 4/solution_fitness": 1233.4375406901042, "GA - 5/solution_fitness": 1477.0511555989583, "GA - 6/solution_fitness": 1781.8022737630208, "GA - 7/solution_fitness": 1963.3929817708333, "GA - 8/solution_fitness": 2235.282421875, "GA - 9/solution_fitness": 2318.150859375, "GA - 10/solution_fitness": 2541.1971321614583, "GA - 11/solution_fitness": 2657.3428125, "GA - 12/solution_fitness": 2687.14595703125, "GA - 13/solution_fitness": 2961.960234375, "GA - 14/solution_fitness": 3070.7190185546874, "GA - 15/solution_fitness": 3160.4268098958332, "GA - 16/solution_fitness": 3465.9927571614585, "GA - 17/solution_fitness": 3501.4409912109377, "GA - 18/solution_fitness": 3482.3694954427083, "GA - 19/solution_fitness": 3598.0624145507813, "GA - 20/solution_fitness": 3747.9748388671874, "GA - 21/solution_fitness": 3685.71888671875, "GA - 22/solution_fitness": 3775.30291015625, "GA - 23/solution_fitness": 3961.846686197917, "GA - 24/solution_fitness": 3988.229549153646, "GA - 25/solution_fitness": 4316.440068359375, "GA - 26/solution_fitness": 4440.943414713542, "GA - 27/solution_fitness": 4430.603136393229, "GA - 28/solution_fitness": 4476.935970052084, "GA - 29/solution_fitness": 4444.26216796875, "GA - 30/solution_fitness": 4439.386546223958, "_wandb": {"runtime": 6427}}