{"Training/loss": 0.7716612815856934, "Training/reconstruction_loss": 0.9645671248435974, "Training/kl_loss": 3.8120633689686656e-05, "_timestamp": 1687887127.044023, "_runtime": 40.91666102409363, "_step": 6270}