{"GA - 1/solution_fitness": -0.4401761591434479, "_timestamp": 1692201706.677796, "_runtime": 180.42034888267517, "_step": 92, "Metrics/precision": 1.0, "Metrics/recall": 0.8181818181818182, "Metrics/F1": 0.9, "Metrics/MCC": 0.8603834844182797, "Metrics/num": 2, "GA - 2/solution_fitness": -0.6095487475395203, "GA - 3/solution_fitness": -0.6321291327476501, "_wandb": {"runtime": 182}}