{"GA - 1/solution_fitness": 392.7216796875, "_timestamp": 1692128678.7177577, "_runtime": 767.9116487503052, "_step": 110, "Metrics/precision": 0.2857142857142857, "Metrics/recall": 1.0, "Metrics/F1": 0.4444444444444445, "Metrics/MCC": 0.48445214165180484, "Metrics/num": 2, "GA - 2/solution_fitness": 816.6305541992188, "GA - 3/solution_fitness": 1122.330322265625}