{"GA - 1/solution_fitness": 18.513572692871094, "_timestamp": 1689700996.241749, "_runtime": 127.95224094390869, "_step": 39, "_wandb": {"runtime": 129}}