{"GA - 1/solution_fitness": -0.4510386884212494, "_timestamp": 1694189382.647278, "_runtime": 758.412201166153, "_step": 1146, "Metrics/precision": 1.0, "Metrics/recall": 1.0, "Metrics/F1": 1.0, "Metrics/MCC": 1.0, "Metrics/num": 27, "GA - 2/solution_fitness": -0.504792332649231, "GA - 3/solution_fitness": -0.4118681252002716, "GA - 4/solution_fitness": -0.5498805046081543, "GA - 5/solution_fitness": -0.6169531941413879, "GA - 6/solution_fitness": -0.5821617841720581, "GA - 7/solution_fitness": -0.6218107342720032, "GA - 8/solution_fitness": -0.5069343447685242, "GA - 9/solution_fitness": -0.7212629318237305, "GA - 10/solution_fitness": -0.6483898162841797, "GA - 11/solution_fitness": -0.6365097165107727, "GA - 12/solution_fitness": -0.5778194069862366, "GA - 13/solution_fitness": -0.7181037068367004, "GA - 14/solution_fitness": -0.6404208540916443, "GA - 15/solution_fitness": -0.6898426413536072, "GA - 16/solution_fitness": -0.7969472408294678, "GA - 17/solution_fitness": -0.8169181942939758, "GA - 18/solution_fitness": -0.845672607421875, "GA - 19/solution_fitness": -0.7036139965057373, "GA - 20/solution_fitness": -0.7700604796409607, "GA - 21/solution_fitness": -0.7619039416313171, "GA - 22/solution_fitness": -0.8883891105651855, "GA - 23/solution_fitness": -0.8938453197479248, "GA - 24/solution_fitness": -0.8581036329269409, "GA - 25/solution_fitness": -0.9167432188987732, "GA - 26/solution_fitness": -0.9054772853851318, "GA - 27/solution_fitness": -0.8796483874320984, "GA - 28/solution_fitness": -1.0, "_wandb": {"runtime": 757}}