{"GA - 1/solution_fitness": -0.4519485831260681, "_timestamp": 1694371391.0032973, "_runtime": 771.5745034217834, "_step": 1229, "Metrics/precision": 1.0, "Metrics/recall": 1.0, "Metrics/F1": 1.0, "Metrics/MCC": NaN, "Metrics/num": 30, "GA - 2/solution_fitness": -0.4949294328689575, "GA - 3/solution_fitness": -0.41391244530677795, "GA - 4/solution_fitness": -0.5527685284614563, "GA - 5/solution_fitness": -0.6162378787994385, "GA - 6/solution_fitness": -0.5921518206596375, "GA - 7/solution_fitness": -0.6202262043952942, "GA - 8/solution_fitness": -0.5096319913864136, "GA - 9/solution_fitness": -0.7231541275978088, "GA - 10/solution_fitness": -0.6523497104644775, "GA - 11/solution_fitness": -0.6381755471229553, "GA - 12/solution_fitness": -0.5852656364440918, "GA - 13/solution_fitness": -0.7228507399559021, "GA - 14/solution_fitness": -0.6448151469230652, "GA - 15/solution_fitness": -0.6946274638175964, "GA - 16/solution_fitness": -0.802514374256134, "GA - 17/solution_fitness": -0.8169507384300232, "GA - 18/solution_fitness": -0.848224401473999, "GA - 19/solution_fitness": -0.7089398503303528, "GA - 20/solution_fitness": -0.7706823348999023, "GA - 21/solution_fitness": -0.7657033205032349, "GA - 22/solution_fitness": -0.8847388625144958, "GA - 23/solution_fitness": -0.8961722254753113, "GA - 24/solution_fitness": -0.8603655695915222, "GA - 25/solution_fitness": -0.9184132218360901, "GA - 26/solution_fitness": -0.9082150459289551, "GA - 27/solution_fitness": -0.8823505640029907, "GA - 28/solution_fitness": -1.0, "GA - 29/solution_fitness": -1.0, "GA - 30/solution_fitness": -1.0, "_wandb": {"runtime": 770}}