{"solution_fitness": 1804.3553466796875, "_timestamp": 1687305905.6029935, "_runtime": 132.1029555797577, "_step": 19, "_wandb": {"runtime": 122}}