{"GA - 16/solution_fitness": 28.82955736633592, "_timestamp": 1687803725.2690153, "_runtime": 103.45525431632996, "_step": 39, "_wandb": {"runtime": 82474}}