{"GA - 1/solution_fitness": -0.45089098811149597, "_timestamp": 1694731092.9637494, "_runtime": 68.00206136703491, "_step": 229, "Metrics/precision": 0.2777777777777778, "Metrics/recall": 1.0, "Metrics/F1": 0.4347826086956522, "Metrics/MCC": 0.3651483716701107, "Metrics/num": 5, "GA - 2/solution_fitness": -0.5077385306358337, "GA - 3/solution_fitness": -0.4077553153038025, "GA - 4/solution_fitness": -0.5464286208152771, "GA - 5/solution_fitness": -0.6044502258300781, "GA - 6/solution_fitness": -0.5615344643592834, "_wandb": {"runtime": 61}}