{"GA - 1/solution_fitness": 379.8169250488281, "_timestamp": 1692125551.1235476, "_runtime": 317.6886694431305, "_step": 44, "_wandb": {"runtime": 319}}