{"GA - 1/solution_fitness": -0.4742329716682434, "_timestamp": 1692204030.81866, "_runtime": 2295.4802100658417, "_step": 1228, "Metrics/precision": 0.3333333333333333, "Metrics/recall": 1.0, "Metrics/F1": 0.5, "Metrics/MCC": 0.5570860145311556, "Metrics/num": 29, "GA - 2/solution_fitness": -0.6324461698532104, "GA - 3/solution_fitness": -0.48468106985092163, "GA - 4/solution_fitness": -0.6461601257324219, "GA - 5/solution_fitness": -0.5957364439964294, "GA - 6/solution_fitness": -0.5196451544761658, "GA - 7/solution_fitness": -0.7326470613479614, "GA - 8/solution_fitness": -0.6309583187103271, "GA - 9/solution_fitness": -0.7442816495895386, "GA - 10/solution_fitness": -0.7505526542663574, "GA - 11/solution_fitness": -0.8241999745368958, "GA - 12/solution_fitness": -0.6757261157035828, "GA - 13/solution_fitness": -0.776307225227356, "GA - 14/solution_fitness": -0.8183871507644653, "GA - 15/solution_fitness": -0.7147848010063171, "GA - 16/solution_fitness": -1.095781683921814, "GA - 17/solution_fitness": -1.0014722347259521, "GA - 18/solution_fitness": -1.0155632495880127, "GA - 19/solution_fitness": -0.9497684240341187, "GA - 20/solution_fitness": -275.72918701171875, "GA - 21/solution_fitness": -519.5506591796875, "GA - 22/solution_fitness": -509.92034912109375, "GA - 23/solution_fitness": -329.944580078125, "GA - 24/solution_fitness": -578.475830078125, "GA - 25/solution_fitness": -315.07904052734375, "GA - 26/solution_fitness": -706.6021728515625, "GA - 27/solution_fitness": -955.8916015625, "GA - 28/solution_fitness": -739.1312255859375, "GA - 29/solution_fitness": -663.9234008789062, "GA - 30/solution_fitness": -937.6832885742188, "_wandb": {"runtime": 2815}}