{"GA - 1/solution_fitness": 278.17790818397395, "_timestamp": 1687556425.2202098, "_runtime": 3011.3665857315063, "_step": 1229, "Metrics/precision": 1.0, "Metrics/recall": 0.5333333333333333, "Metrics/F1": 0.6956521739130436, "Metrics/MCC": NaN, "Metrics/num": 30, "GA - 2/solution_fitness": 544.7905481638644, "GA - 3/solution_fitness": 749.2608796061021, "GA - 4/solution_fitness": 944.8964452571901, "GA - 5/solution_fitness": 1110.838133357154, "GA - 6/solution_fitness": 1278.2539308328803, "GA - 7/solution_fitness": 1340.717706247463, "GA - 8/solution_fitness": 1535.7034865966548, "GA - 9/solution_fitness": 1591.869388732025, "GA - 10/solution_fitness": 1675.0760233261217, "GA - 11/solution_fitness": 1798.0156680704733, "GA - 12/solution_fitness": 1894.6510634243073, "GA - 13/solution_fitness": 1964.3000159593855, "GA - 14/solution_fitness": 2022.5289076344884, "GA - 15/solution_fitness": 2039.5637338637637, "GA - 16/solution_fitness": 2181.8836198153504, "GA - 17/solution_fitness": 2234.2235271583254, "GA - 18/solution_fitness": 2294.021833988923, "GA - 19/solution_fitness": 2358.3668873615156, "GA - 20/solution_fitness": 2409.2278450828608, "GA - 21/solution_fitness": 2405.6829575631004, "GA - 22/solution_fitness": 2439.1517321796327, "GA - 23/solution_fitness": 2524.337689412118, "GA - 24/solution_fitness": 2561.1974447535317, "GA - 25/solution_fitness": 2578.6463662244964, "GA - 26/solution_fitness": 2564.9321556861073, "GA - 27/solution_fitness": 2614.9616822388066, "GA - 28/solution_fitness": 2584.656199030665, "GA - 29/solution_fitness": 2737.772160764941, "GA - 30/solution_fitness": 2684.7865204842788, "_wandb": {"runtime": 3010}}