{"GA - 1/solution_fitness": 83.03499603271484, "_timestamp": 1689784338.3102808, "_runtime": 3866.8382098674774, "_step": 697, "Metrics/precision": 0.9333333333333333, "Metrics/recall": 0.8235294117647058, "Metrics/F1": 0.8749999999999999, "Metrics/MCC": 0.7399400733959437, "Metrics/num": 17, "GA - 2/solution_fitness": 155.8599090576172, "GA - 3/solution_fitness": 225.41683959960938, "GA - 4/solution_fitness": 288.7336120605469, "GA - 5/solution_fitness": 360.7274169921875, "GA - 6/solution_fitness": 383.69775390625, "GA - 7/solution_fitness": 431.2413635253906, "GA - 8/solution_fitness": 485.5411376953125, "GA - 9/solution_fitness": 537.157958984375, "GA - 10/solution_fitness": 567.4640502929688, "GA - 11/solution_fitness": 602.9122924804688, "GA - 12/solution_fitness": 652.6305541992188, "GA - 13/solution_fitness": 698.26025390625, "GA - 14/solution_fitness": 695.6258544921875, "GA - 15/solution_fitness": 749.1934814453125, "GA - 16/solution_fitness": 764.8726196289062, "GA - 17/solution_fitness": 827.6795654296875, "GA - 18/solution_fitness": 716.9703369140625}