{"GA - 1/solution_fitness": 300.63310906609127, "_timestamp": 1687813619.6735158, "_runtime": 4618.265070915222, "_step": 705, "Metrics/precision": 0.875, "Metrics/recall": 0.8235294117647058, "Metrics/F1": 0.8484848484848485, "Metrics/MCC": 0.6651836553993731, "Metrics/num": 17, "GA - 2/solution_fitness": 601.1477738075824, "GA - 3/solution_fitness": 885.8152148925112, "GA - 4/solution_fitness": 1089.348740543922, "GA - 5/solution_fitness": 1308.4141418120475, "GA - 6/solution_fitness": 1502.271013910963, "GA - 7/solution_fitness": 1662.482084120791, "GA - 8/solution_fitness": 1923.2723450395013, "GA - 9/solution_fitness": 2112.6830596333234, "GA - 10/solution_fitness": 2222.198655017523, "GA - 11/solution_fitness": 2406.0022891357935, "GA - 12/solution_fitness": 2678.739544788582, "GA - 13/solution_fitness": 2644.4230156748126, "GA - 14/solution_fitness": 2726.0797387241123, "GA - 15/solution_fitness": 2918.1261833771973, "GA - 16/solution_fitness": 3038.5896058823196, "GA - 17/solution_fitness": 3206.6664589428265, "GA - 18/solution_fitness": 3255.3151736753725}