{"GA - 1/solution_fitness": 348.6849609375, "_timestamp": 1687399203.3861454, "_runtime": 3299.8760602474213, "_step": 589, "Metrics/precision": 1.0, "Metrics/recall": 0.4642857142857143, "Metrics/F1": 0.6341463414634146, "Metrics/MCC": 0.23371317622140134, "GA - 2/solution_fitness": 602.8621765136719, "GA - 3/solution_fitness": 846.2716674804688, "GA - 4/solution_fitness": 1067.774275716146, "GA - 5/solution_fitness": 1212.84765625, "GA - 6/solution_fitness": 1396.325390625, "GA - 7/solution_fitness": 1458.8778645833333, "GA - 8/solution_fitness": 1762.2333984375, "GA - 9/solution_fitness": 1734.4681477864583, "GA - 10/solution_fitness": 1859.5453450520833, "GA - 11/solution_fitness": 1965.0614990234376, "GA - 12/solution_fitness": 1948.5980794270833, "GA - 13/solution_fitness": 1989.1875732421877, "GA - 14/solution_fitness": 2030.7288818359375, "GA - 15/solution_fitness": 2087.753271484375, "GA - 16/solution_fitness": 2207.812060546875, "GA - 17/solution_fitness": 2250.7510498046877, "GA - 18/solution_fitness": 2224.3408203125, "GA - 19/solution_fitness": 2177.2666015625, "GA - 20/solution_fitness": 2303.5546875, "GA - 21/solution_fitness": 2282.1656412760417, "GA - 22/solution_fitness": 2347.810595703125, "GA - 23/solution_fitness": 2457.2713867187504, "GA - 24/solution_fitness": 2448.995011393229, "GA - 25/solution_fitness": 2631.339029947917, "GA - 26/solution_fitness": 2629.1515462239586, "GA - 27/solution_fitness": 2587.9690755208335, "GA - 28/solution_fitness": 2630.843798828125, "GA - 29/solution_fitness": 2316.194091796875}