{"GA - 1/solution_fitness": 399.4671936035156, "_timestamp": 1692124764.182706, "_runtime": 106.51929306983948, "_step": 13, "_wandb": {"runtime": 105}}