{"GA - 1/solution_fitness": -0.0025608695577830076, "_timestamp": 1693255576.49261, "_runtime": 6087.488379955292, "_step": 6029, "Metrics/precision": 1.0, "Metrics/recall": 0.7666666666666667, "Metrics/F1": 0.8679245283018869, "Metrics/MCC": NaN, "Metrics/num": 30, "GA - 2/solution_fitness": -0.0012936812127009034, "GA - 3/solution_fitness": -0.0009007447515614331, "GA - 4/solution_fitness": -0.0007231970666907728, "GA - 5/solution_fitness": -0.000602780026383698, "GA - 6/solution_fitness": -0.0005234283744357526, "GA - 7/solution_fitness": -0.00047474532038904727, "GA - 8/solution_fitness": -0.0004228937905281782, "GA - 9/solution_fitness": -0.00038079085061326623, "GA - 10/solution_fitness": -0.000364832318155095, "GA - 11/solution_fitness": -0.0003390922793187201, "GA - 12/solution_fitness": -0.0003111249243374914, "GA - 13/solution_fitness": -0.0003005946346092969, "GA - 14/solution_fitness": -0.00029317097505554557, "GA - 15/solution_fitness": -0.00028620034572668374, "GA - 16/solution_fitness": -0.00026756335864774883, "GA - 17/solution_fitness": -0.00025429122615605593, "GA - 18/solution_fitness": -0.0002494965447112918, "GA - 19/solution_fitness": -0.0002406146377325058, "GA - 20/solution_fitness": -0.00022907710808794945, "GA - 21/solution_fitness": -0.00022907710808794945, "GA - 22/solution_fitness": -0.00021977629512548447, "GA - 23/solution_fitness": -0.00022110198915470392, "GA - 24/solution_fitness": -0.00021170571562834084, "GA - 25/solution_fitness": -0.00020835959003306925, "GA - 26/solution_fitness": -0.00019991635053884238, "GA - 27/solution_fitness": -0.00019770929065998644, "GA - 28/solution_fitness": -0.00019611245079431683, "GA - 29/solution_fitness": -0.00018558342708274722, "GA - 30/solution_fitness": -0.00018592174455989152}