{"GA - 1/solution_fitness": 420.3864440917969, "_timestamp": 1689709186.034144, "_runtime": 6869.108268976212, "_step": 1229, "Metrics/precision": 1.0, "Metrics/recall": 0.7333333333333333, "Metrics/F1": 0.846153846153846, "Metrics/MCC": NaN, "Metrics/num": 30, "GA - 2/solution_fitness": 809.63330078125, "GA - 3/solution_fitness": 1151.730224609375, "GA - 4/solution_fitness": 1497.33154296875, "GA - 5/solution_fitness": 1860.235107421875, "GA - 6/solution_fitness": 2161.167724609375, "GA - 7/solution_fitness": 2261.4794921875, "GA - 8/solution_fitness": 2597.615966796875, "GA - 9/solution_fitness": 2662.305908203125, "GA - 10/solution_fitness": 2737.804931640625, "GA - 11/solution_fitness": 2907.30712890625, "GA - 12/solution_fitness": 3251.611083984375, "GA - 13/solution_fitness": 3411.21533203125, "GA - 14/solution_fitness": 3562.634033203125, "GA - 15/solution_fitness": 3777.099853515625, "GA - 16/solution_fitness": 3966.29248046875, "GA - 17/solution_fitness": 4244.49853515625, "GA - 18/solution_fitness": 4519.9892578125, "GA - 19/solution_fitness": 4583.13525390625, "GA - 20/solution_fitness": 4693.59765625, "GA - 21/solution_fitness": 4956.39990234375, "GA - 22/solution_fitness": 5384.68798828125, "GA - 23/solution_fitness": 5392.99609375, "GA - 24/solution_fitness": 5732.2392578125, "GA - 25/solution_fitness": 5667.50146484375, "GA - 26/solution_fitness": 5789.22509765625, "GA - 27/solution_fitness": 5760.43798828125, "GA - 28/solution_fitness": 6164.505859375, "GA - 29/solution_fitness": 6008.92138671875, "GA - 30/solution_fitness": 6175.2861328125}