{"GA - 1/solution_fitness": 296.8968200683594, "_timestamp": 1693862960.6253855, "_runtime": 490.9733774662018, "_step": 94, "Metrics/precision": 1.0, "Metrics/recall": 1.0, "Metrics/F1": 1.0, "Metrics/MCC": 1.0, "Metrics/num": 2, "GA - 2/solution_fitness": 592.8366088867188, "GA - 3/solution_fitness": 861.9900512695312}