{"GA - 1/solution_fitness": 436.7181701660156, "_timestamp": 1692201443.9271114, "_runtime": 2306.350474357605, "_step": 338, "Metrics/precision": 0.45454545454545453, "Metrics/recall": 1.0, "Metrics/F1": 0.625, "Metrics/MCC": 0.5877538136452587, "Metrics/num": 5, "GA - 2/solution_fitness": 858.37646484375, "GA - 3/solution_fitness": 1237.54296875, "GA - 4/solution_fitness": 1584.7208251953125, "GA - 5/solution_fitness": 1839.0323486328125, "GA - 6/solution_fitness": 2102.07568359375}