{"GA - 1/solution_fitness": 1.8381454944610596, "_timestamp": 1694188125.7629118, "_runtime": 27.119256734848022, "_step": 2, "_wandb": {"runtime": 32}}