{"GA - 1/solution_fitness": 340.19634984811927, "_timestamp": 1687552124.9751775, "_runtime": 665.2701156139374, "_step": 74, "Metrics/precision": 0.3333333333333333, "Metrics/recall": 1.0, "Metrics/F1": 0.5, "Metrics/MCC": 0.5570860145311556, "GA - 2/solution_fitness": 612.4118678127494}