{"GA - 1/solution_fitness": -0.002632203744724393, "_timestamp": 1692822160.7918108, "_runtime": 193.2759428024292, "_step": 165, "Metrics/precision": 0.3333333333333333, "Metrics/recall": 0.07692307692307693, "Metrics/F1": 0.125, "Metrics/MCC": -0.7844645405527361, "Metrics/num": 4, "GA - 2/solution_fitness": -0.001361653907224536, "GA - 3/solution_fitness": -0.0009163179784081876, "GA - 4/solution_fitness": -0.0007376033463515341, "GA - 5/solution_fitness": -0.0007081349031068385, "_wandb": {"runtime": 194}}