{"GA - 1/solution_fitness": 266.0089530158811, "_timestamp": 1687553065.6521082, "_runtime": 65.71327924728394, "_step": 22}