{"GA - 1/solution_fitness": 284.5452456809613, "_timestamp": 1687808836.2128794, "_runtime": 61.34944534301758, "_step": 7, "_wandb": {"runtime": 63}}