{"GA - 1/solution_fitness": -0.4242245852947235, "_timestamp": 1694624382.3791435, "_runtime": 89.5394995212555, "_step": 112, "Metrics/precision": 0.1111111111111111, "Metrics/recall": 1.0, "Metrics/F1": 0.19999999999999998, "Metrics/MCC": 0.21821789023599236, "Metrics/num": 2, "GA - 2/solution_fitness": -0.47149085998535156, "GA - 3/solution_fitness": -0.3892439305782318, "_wandb": {"runtime": 88}}