{"GA - 1/solution_fitness": 308.2915954589844, "_timestamp": 1687808002.762424, "_runtime": 6942.879424095154, "_step": 1229, "Metrics/precision": 1.0, "Metrics/recall": 0.8666666666666667, "Metrics/F1": 0.9285714285714286, "Metrics/MCC": NaN, "Metrics/num": 30, "GA - 2/solution_fitness": 608.4706420898438, "GA - 3/solution_fitness": 884.1979370117188, "GA - 4/solution_fitness": 1113.751220703125, "GA - 5/solution_fitness": 1350.461669921875, "GA - 6/solution_fitness": 1558.76611328125, "GA - 7/solution_fitness": 1724.17529296875, "GA - 8/solution_fitness": 1983.7139892578125, "GA - 9/solution_fitness": 2222.81396484375, "GA - 10/solution_fitness": 2275.02001953125, "GA - 11/solution_fitness": 2531.523193359375, "GA - 12/solution_fitness": 2698.971435546875, "GA - 13/solution_fitness": 2920.44921875, "GA - 14/solution_fitness": 2942.331787109375, "GA - 15/solution_fitness": 3081.72021484375, "GA - 16/solution_fitness": 3233.3896484375, "GA - 17/solution_fitness": 3388.30224609375, "GA - 18/solution_fitness": 3444.466064453125, "GA - 19/solution_fitness": 3646.91259765625, "GA - 20/solution_fitness": 3844.697265625, "GA - 21/solution_fitness": 3820.5283203125, "GA - 22/solution_fitness": 3967.65380859375, "GA - 23/solution_fitness": 4015.89111328125, "GA - 24/solution_fitness": 4109.9189453125, "GA - 25/solution_fitness": 4342.19189453125, "GA - 26/solution_fitness": 4485.8984375, "GA - 27/solution_fitness": 4541.609375, "GA - 28/solution_fitness": 4443.728515625, "GA - 29/solution_fitness": 4756.50244140625, "GA - 30/solution_fitness": 4739.015625, "_wandb": {"runtime": 6944}}