{"GA - 1/solution_fitness": -1.461789608001709, "_timestamp": 1694730720.639372, "_runtime": 247.50782012939453, "_step": 1229, "Metrics/precision": 1.0, "Metrics/recall": 1.0, "Metrics/F1": 1.0, "Metrics/MCC": NaN, "Metrics/num": 30, "GA - 2/solution_fitness": -1.5204215049743652, "GA - 3/solution_fitness": -1.4202975034713745, "GA - 4/solution_fitness": -1.559576392173767, "GA - 5/solution_fitness": -1.6194179058074951, "GA - 6/solution_fitness": -1.57529878616333, "GA - 7/solution_fitness": -1.6089065074920654, "GA - 8/solution_fitness": -1.4968363046646118, "GA - 9/solution_fitness": -1.7180670499801636, "GA - 10/solution_fitness": -1.645365834236145, "GA - 11/solution_fitness": -1.6339776515960693, "GA - 12/solution_fitness": -1.5731734037399292, "GA - 13/solution_fitness": -1.723673701286316, "GA - 14/solution_fitness": -1.6404855251312256, "GA - 15/solution_fitness": -1.6903409957885742, "GA - 16/solution_fitness": -1.7943929433822632, "GA - 17/solution_fitness": -1.8169748783111572, "GA - 18/solution_fitness": -1.8466733694076538, "GA - 19/solution_fitness": -1.7022747993469238, "GA - 20/solution_fitness": -1.7700831890106201, "GA - 21/solution_fitness": -1.7617123126983643, "GA - 22/solution_fitness": -1.8828120231628418, "GA - 23/solution_fitness": -1.892064094543457, "GA - 24/solution_fitness": -1.8574116230010986, "GA - 25/solution_fitness": -1.9167999029159546, "GA - 26/solution_fitness": -1.904502511024475, "GA - 27/solution_fitness": -1.878525972366333, "GA - 28/solution_fitness": -2.0, "GA - 29/solution_fitness": -2.0, "GA - 30/solution_fitness": -2.0, "_wandb": {"runtime": 256}}