{"GA - 1/solution_fitness": 389.8453369140625, "_timestamp": 1693856080.968025, "_runtime": 5184.7412350177765, "_step": 1229, "Metrics/precision": 1.0, "Metrics/recall": 0.6666666666666666, "Metrics/F1": 0.8, "Metrics/MCC": NaN, "Metrics/num": 30, "GA - 2/solution_fitness": 769.9701538085938, "GA - 3/solution_fitness": 1116.365966796875, "GA - 4/solution_fitness": 1439.789306640625, "GA - 5/solution_fitness": 1735.60302734375, "GA - 6/solution_fitness": 1980.3707275390625, "GA - 7/solution_fitness": 2176.33935546875, "GA - 8/solution_fitness": 2450.10693359375, "GA - 9/solution_fitness": 2713.29931640625, "GA - 10/solution_fitness": 2886.4423828125, "GA - 11/solution_fitness": 3095.012451171875, "GA - 12/solution_fitness": 3369.731201171875, "GA - 13/solution_fitness": 3420.07080078125, "GA - 14/solution_fitness": 3516.84716796875, "GA - 15/solution_fitness": 3621.653076171875, "GA - 16/solution_fitness": 3842.515380859375, "GA - 17/solution_fitness": 4098.45068359375, "GA - 18/solution_fitness": 4098.45068359375, "GA - 19/solution_fitness": 4251.275390625, "GA - 20/solution_fitness": 4448.91357421875, "GA - 21/solution_fitness": 4498.86376953125, "GA - 22/solution_fitness": 4661.41845703125, "GA - 23/solution_fitness": 4661.41845703125, "GA - 24/solution_fitness": 4776.76171875, "GA - 25/solution_fitness": 4927.1640625, "GA - 26/solution_fitness": 5057.36474609375, "GA - 27/solution_fitness": 5270.25, "GA - 28/solution_fitness": 5295.90478515625, "GA - 29/solution_fitness": 5496.61279296875, "GA - 30/solution_fitness": 5496.61279296875, "_wandb": {"runtime": 11564}}