{"GA - 1/solution_fitness": -0.2543929459493863, "_timestamp": 1694624610.894668, "_runtime": 188.67999911308289, "_step": 262, "Metrics/precision": 0.2857142857142857, "Metrics/recall": 1.0, "Metrics/F1": 0.4444444444444445, "Metrics/MCC": 0.32732683535398854, "Metrics/num": 6, "GA - 2/solution_fitness": -0.2789264659236464, "GA - 3/solution_fitness": -0.23546963758830633, "GA - 4/solution_fitness": -0.3015910579971002, "GA - 5/solution_fitness": -0.3300605110827635, "GA - 6/solution_fitness": -0.3094221183812411, "GA - 7/solution_fitness": -0.6532803566472506, "_wandb": {"runtime": 10603}}